[{
    "catId": 1,
    "categoryName": "accusamus beatae",
    "vendor": "Ashwani",
    "url": "http://placehold.it/600/92c952",
    "categoryThumb": "https://unsplash.it/350/150/?image=0",
    "categoryDescription": "The Shiba Inu is the smallest of the six original and distinct spitz breeds of dog from Japan. A small, agile dog that copes very well with mountainous terrain, the Shiba Inu was originally bred for hunting."
  },
  {
    "catId": 2,
    "categoryName": "Facilis cum similique qui sunt",
    "vendor": "Ashwani",
    "url": "http://placehold.it/600/92c952",
    "categoryThumb": "https://unsplash.it/350/150/?random",
    "categoryDescription": "The Shiba Inu is the smallest of the six original and distinct spitz breeds of dog from Japan. A small, agile dog that copes very well with mountainous terrain, the Shiba Inu was originally bred for hunting."
  },
  {
    "catId": 3,
    "categoryName": "accusamus beatae ad facilis cum similique qui sunt",
    "vendor": "Ashwani",
    "url": "http://placehold.it/600/92c952",
    "categoryThumb": "https://unsplash.it/350/150/?image=1020",
    "categoryDescription": "The Shiba Inu is the smallest of the six original and distinct spitz breeds of dog from Japan. A small, agile dog that copes very well with mountainous terrain, the Shiba Inu was originally bred for hunting."
  },
  {
    "catId": 4,
    "categoryName": "accusamus beatae ad facilis cum similique qui sunt",
    "vendor": "Ashwani",
    "url": "http://placehold.it/600/92c952",
    "categoryThumb": "https://unsplash.it/350/150/?image=1022",
    "categoryDescription": "The Shiba Inu is the smallest of the six original and distinct spitz breeds of dog from Japan. A small, agile dog that copes very well with mountainous terrain, the Shiba Inu was originally bred for hunting."
  },
  {
    "catId": 5,
    "categoryName": "accusamus beatae ad facilis cum similique qui sunt",
    "vendor": "Ashwani",
    "url": "http://placehold.it/600/92c952",
    "categoryThumb": "https://unsplash.it/350/150/?image=1023",
    "categoryDescription": "The Shiba Inu is the smallest of the six original and distinct spitz breeds of dog from Japan. A small, agile dog that copes very well with mountainous terrain, the Shiba Inu was originally bred for hunting."
  },
  {
    "catId": 6,
    "categoryName": "accusamus beatae ad facilis cum similique qui sunt",
    "vendor": "Ashwani",
    "url": "http://placehold.it/600/92c952",
    "categoryThumb": "https://unsplash.it/350/150/?image=1024",
    "categoryDescription": "The Shiba Inu is the smallest of the six original and distinct spitz breeds of dog from Japan. A small, agile dog that copes very well with mountainous terrain, the Shiba Inu was originally bred for hunting."
  },
  {
    "catId": 7,
    "categoryName": "accusamus beatae ad facilis cum similique qui sunt",
    "vendor": "Ashwani",
    "url": "http://placehold.it/600/92c952",
    "categoryThumb": "https://unsplash.it/350/150/?image=1025",
    "categoryDescription": "The Shiba Inu is the smallest of the six original and distinct spitz breeds of dog from Japan. A small, agile dog that copes very well with mountainous terrain, the Shiba Inu was originally bred for hunting."
  },
  {
    "catId": 8,
    "categoryName": "accusamus beatae ad facilis cum similique qui sunt",
    "vendor": "Ashwani",
    "url": "http://placehold.it/600/92c952",
    "categoryThumb": "https://unsplash.it/350/150/?image=1026",
    "categoryDescription": "The Shiba Inu is the smallest of the six original and distinct spitz breeds of dog from Japan. A small, agile dog that copes very well with mountainous terrain, the Shiba Inu was originally bred for hunting."
  },
  {
    "catId": 9,
    "categoryName": "accusamus beatae ad facilis cum similique qui sunt",
    "vendor": "Ashwani",
    "url": "http://placehold.it/600/92c952",
    "categoryThumb": "https://unsplash.it/350/150/?image=1027",
    "categoryDescription": "The Shiba Inu is the smallest of the six original and distinct spitz breeds of dog from Japan. A small, agile dog that copes very well with mountainous terrain, the Shiba Inu was originally bred for hunting."
  },
  {
    "catId": 10,
    "categoryName": "accusamus beatae ad facilis cum similique qui sunt",
    "vendor": "Ashwani",
    "url": "http://placehold.it/600/92c952",
    "categoryThumb": "https://unsplash.it/350/150/?image=1070",
    "categoryDescription": "The Shiba Inu is the smallest of the six original and distinct spitz breeds of dog from Japan. A small, agile dog that copes very well with mountainous terrain, the Shiba Inu was originally bred for hunting."
  }
]