[{
    "albumId": 1,
    "id": 1,
    "title": "accusamus beatae ad facilis cum similique qui sunt",
    "author": "Ashwani",
    "url": "https://static.pexels.com/photos/50614/pexels-photo-50614.jpeg",
    "thumbnailUrl": "https://images.pexels.com/photos/50614/pexels-photo-50614.jpeg?h=640&auto=compress&cs=tinysrgb",
    "content": "The Shiba Inu is the smallest of the six original and distinct spitz breeds of dog from Japan. A small, agile dog that copes very well with mountainous terrain, the Shiba Inu was originally bred for hunting."
  },
  {
    "albumId": 1,
    "id": 2,
    "title": "accusamus beatae ad facilis cum similique qui sunt",
    "author": "Ashwani",
    "url": "https://static.pexels.com/photos/359757/pexels-photo-359757.jpeg",
    "thumbnailUrl": "https://images.pexels.com/photos/359757/pexels-photo-359757.jpeg?h=640&auto=compress&cs=tinysrgb",
    "content": "The Shiba Inu is the smallest of the six original and distinct spitz breeds of dog from Japan. A small, agile dog that copes very well with mountainous terrain, the Shiba Inu was originally bred for hunting."
  },
  {
    "albumId": 1,
    "id": 3,
    "title": "accusamus beatae ad facilis cum similique qui sunt",
    "author": "Ashwani",
    "url": "https://static.pexels.com/photos/248021/pexels-photo-248021.jpeg",
    "thumbnailUrl": "https://images.pexels.com/photos/248021/pexels-photo-248021.jpeg?h=640&auto=compress&cs=tinysrgb",
    "content": "The Shiba Inu is the smallest of the six original and distinct spitz breeds of dog from Japan. A small, agile dog that copes very well with mountainous terrain, the Shiba Inu was originally bred for hunting."
  },
  {
    "albumId": 1,
    "id": 4,
    "title": "accusamus beatae ad facilis cum similique qui sunt",
    "author": "Ashwani",
    "url": "https://static.pexels.com/photos/541522/pexels-photo-541522.jpeg",
    "thumbnailUrl": "https://images.pexels.com/photos/541522/pexels-photo-541522.jpeg?h=640&auto=compress&cs=tinysrgb",
    "content": "The Shiba Inu is the smallest of the six original and distinct spitz breeds of dog from Japan. A small, agile dog that copes very well with mountainous terrain, the Shiba Inu was originally bred for hunting."
  },
  {
    "albumId": 1,
    "id": 5,
    "title": "accusamus beatae ad facilis cum similique qui sunt",
    "author": "Ashwani",
    "url": "https://static.pexels.com/photos/396134/pexels-photo-396134.jpeg",
    "thumbnailUrl": "https://images.pexels.com/photos/396134/pexels-photo-396134.jpeg?h=640&auto=compress&cs=tinysrgb",
    "content": "The Shiba Inu is the smallest of the six original and distinct spitz breeds of dog from Japan. A small, agile dog that copes very well with mountainous terrain, the Shiba Inu was originally bred for hunting."
  },
  {
    "albumId": 1,
    "id": 6,
    "title": "accusamus beatae ad facilis cum similique qui sunt",
    "author": "Ashwani",
    "url": "https://static.pexels.com/photos/196656/pexels-photo-196656.jpeg",
    "thumbnailUrl": "https://images.pexels.com/photos/196656/pexels-photo-196656.jpeg?h=640&auto=compress&cs=tinysrgb",
    "content": "The Shiba Inu is the smallest of the six original and distinct spitz breeds of dog from Japan. A small, agile dog that copes very well with mountainous terrain, the Shiba Inu was originally bred for hunting."
  },
  {
    "albumId": 1,
    "id": 7,
    "title": "accusamus beatae ad facilis cum similique qui sunt",
    "author": "Ashwani",
    "url": "https://static.pexels.com/photos/389734/pexels-photo-389734.jpeg",
    "thumbnailUrl": "https://images.pexels.com/photos/389734/pexels-photo-389734.jpeg?h=640&auto=compress&cs=tinysrgb",
    "content": "The Shiba Inu is the smallest of the six original and distinct spitz breeds of dog from Japan. A small, agile dog that copes very well with mountainous terrain, the Shiba Inu was originally bred for hunting."
  },
  {
    "albumId": 1,
    "id": 8,
    "title": "accusamus beatae ad facilis cum similique qui sunt",
    "author": "Ashwani",
    "url": "https://static.pexels.com/photos/206595/pexels-photo-206595.jpeg",
    "thumbnailUrl": "https://images.pexels.com/photos/206595/pexels-photo-206595.jpeg?h=640&auto=compress&cs=tinysrgb",
    "content": "The Shiba Inu is the smallest of the six original and distinct spitz breeds of dog from Japan. A small, agile dog that copes very well with mountainous terrain, the Shiba Inu was originally bred for hunting."
  },
  {
    "albumId": 1,
    "id": 9,
    "title": "accusamus beatae ad facilis cum similique qui sunt",
    "author": "Ashwani",
    "url": "https://static.pexels.com/photos/441795/pexels-photo-441795.jpeg",
    "thumbnailUrl": "https://images.pexels.com/photos/441795/pexels-photo-441795.jpeg?h=640&auto=compress&cs=tinysrgb",
    "content": "The Shiba Inu is the smallest of the six original and distinct spitz breeds of dog from Japan. A small, agile dog that copes very well with mountainous terrain, the Shiba Inu was originally bred for hunting."
  },
  {
    "albumId": 1,
    "id": 10,
    "title": "accusamus beatae ad facilis cum similique qui sunt",
    "author": "Ashwani",
    "url": "https://static.pexels.com/photos/58639/pexels-photo-58639.jpeg",
    "thumbnailUrl": "https://images.pexels.com/photos/58639/pexels-photo-58639.jpeg?h=640&auto=compress&cs=tinysrgb",
    "content": "The Shiba Inu is the smallest of the six original and distinct spitz breeds of dog from Japan. A small, agile dog that copes very well with mountainous terrain, the Shiba Inu was originally bred for hunting."
  }
]